{"categories": {"l_factor": 5468.13530505969, "Re": 20, "l_v": 4.67136351267974e-05, "Ka": 3363.38172912941, "bhN": 0.0001828776985592685, "Ct": 0, "We": 219.45323827112165, "phi_flat": -0.0376737971190744, "theta_flat": 0.962326202880926, "rho": 1000, "t_factor": 1794.03022286642, "bottom_angle": 1.5707963267948966, "alpha": 128.4421557798675, "B": 0.039148676411688635, "sigma_inf": 0.072, "hN": 3.9148676411688634, "lamb": 0.6, "Ka_vert": 3363.38172912941, "periodic": true, "Pe": 139.33333333333334, "t_v": 0.00218216370675956, "nu": 1e-06, "g": 9.81, "Bi": 0.01, "chi": 1.43540669856459e-07, "cp": 4180.0, "Pr": 6.96666666666668}, "tags": []}